/*
SQLyog Ultimate v12.5.1 (64 bit)
MySQL - 5.5.42-log : Database - edu_authority
*********************************************************************
*/

/*!40101 SET NAMES utf8 */;

/*!40101 SET SQL_MODE=''*/;

/*!40014 SET @OLD_UNIQUE_CHECKS=@@UNIQUE_CHECKS, UNIQUE_CHECKS=0 */;
/*!40014 SET @OLD_FOREIGN_KEY_CHECKS=@@FOREIGN_KEY_CHECKS, FOREIGN_KEY_CHECKS=0 */;
/*!40101 SET @OLD_SQL_MODE=@@SQL_MODE, SQL_MODE='NO_AUTO_VALUE_ON_ZERO' */;
/*!40111 SET @OLD_SQL_NOTES=@@SQL_NOTES, SQL_NOTES=0 */;
CREATE DATABASE /*!32312 IF NOT EXISTS*/`edu_authority` /*!40100 DEFAULT CHARACTER SET utf32 COLLATE utf32_bin */;

USE `edu_authority`;

/*Table structure for table `menu` */

DROP TABLE IF EXISTS `menu`;

CREATE TABLE `menu` (
  `id` int(11) NOT NULL AUTO_INCREMENT COMMENT 'id',
  `parent_id` int(11) NOT NULL COMMENT '父菜单id',
  `href` varchar(200) DEFAULT NULL COMMENT '菜单路径',
  `icon` varchar(200) DEFAULT NULL COMMENT '菜单图标',
  `name` varchar(200) DEFAULT NULL COMMENT '菜单名称',
  `description` varchar(500) DEFAULT NULL COMMENT '描述',
  `order_num` int(11) DEFAULT NULL COMMENT '排序号',
  `shown` tinyint(2) DEFAULT '1' COMMENT '是否展示',
  `level` int(11) NOT NULL COMMENT '菜单层级，从0开始',
  `created_time` datetime NOT NULL COMMENT '创建时间',
  `updated_time` datetime NOT NULL COMMENT '更新时间',
  `created_by` varchar(100) NOT NULL COMMENT '创建人',
  `updated_by` varchar(100) NOT NULL COMMENT '更新人',
  PRIMARY KEY (`id`)
) ENGINE=InnoDB AUTO_INCREMENT=33 DEFAULT CHARSET=utf8mb4 COMMENT='菜单表';

/*Data for the table `menu` */

insert  into `menu`(`id`,`parent_id`,`href`,`icon`,`name`,`description`,`order_num`,`shown`,`level`,`created_time`,`updated_time`,`created_by`,`updated_by`) values 
(1,-1,'Menu','user','权限管理','管理系统角色、菜单、资源',1,1,0,'2020-07-20 15:41:38','2020-09-29 03:36:18','system','18201288771'),
(2,1,'Role','lock','角色列表','管理系统角色',1,1,1,'2020-07-20 15:41:38','2020-07-20 15:41:38','system','system'),
(3,1,'Menu','lock','菜单列表','管理系统菜单',2,1,1,'2020-07-20 15:41:38','2020-07-20 15:41:38','system','system'),
(4,1,'Resource','lock','资源列表','管理系统资源',3,1,1,'2020-07-20 15:41:38','2020-07-20 15:41:38','system','system'),
(5,-1,'Courses','film','课程管理','课程的新增、修改、查看、发布、上下架',2,1,0,'2020-07-20 15:41:38','2020-09-28 11:18:52','system','18201288771'),
(6,-1,'Users','user','用户管理','用户的查询、禁用、启用',3,1,0,'2020-07-20 15:41:38','2020-07-20 15:41:38','system','system'),
(7,-1,'','setting','广告管理','广告、广告位管理',4,1,0,'2020-07-20 15:41:38','2020-07-20 15:41:38','system','system'),
(8,7,'Advertise','setting','广告列表','广告管理',1,1,1,'2020-07-20 15:41:38','2020-07-20 15:41:38','system','system'),
(9,7,'AdvertiseSpace','setting','广告位列表','广告位管理',2,1,1,'2020-07-20 15:41:38','2020-07-20 15:41:38','system','system'),
(10,1,'AllocMenu','setting','给角色分配菜单页面','给角色分配菜单页面路由',4,0,1,'2020-07-20 15:41:38','2020-07-20 15:41:38','system','system'),
(11,1,'AllocResource','setting','给角色分配资源页面','给角色分配资源页面路由',5,0,1,'2020-07-20 15:41:38','2020-07-20 15:41:38','system','system'),
(12,1,'AddMenu','setting','添加菜单页面','添加菜单页路由',6,0,1,'2020-07-20 15:41:38','2020-07-20 15:41:38','system','system'),
(13,1,'UpdateMenu','setting','更新菜单页面','更新菜单页路由',7,0,1,'2020-07-20 15:41:38','2020-07-20 15:41:38','system','system'),
(14,1,'ResourceCategory','setting','资源分类列表页面','资源分类列表页面路由',8,0,1,'2020-07-20 15:41:38','2020-07-20 15:41:38','system','system'),
(15,7,'AddAdvertise','setting','添加广告页面','添加广告页面路由',3,0,1,'2020-07-20 15:41:38','2020-07-20 15:41:38','system','system'),
(16,7,'UpdateAdvertise','setting','编辑广告页面','编辑广告页面路由',4,0,1,'2020-07-20 15:41:38','2020-09-29 06:11:43','system','18201288771'),
(17,7,'AddAdvertiseSpace','setting','添加广告位页面','添加广告位页面路由',5,0,1,'2020-07-20 15:41:38','2020-07-20 15:41:38','system','system'),
(18,7,'UpdateAdvertiseSpace','setting','更新广告位页面','更新广告位页面路由',6,0,1,'2020-07-20 15:41:38','2020-07-20 15:41:38','system','system'),
(19,5,'CourseItem','setting','课程详情页面','课程详情页面路由',1,0,1,'2020-07-20 15:41:38','2020-07-20 15:41:38','system','system'),
(20,5,'CourseSections','setting','课时信息页面','课时信息页面路由',2,0,1,'2020-07-20 15:41:38','2020-07-20 15:41:38','system','system'),
(21,5,'VideoOptions','setting','课时上传视频','课时上传视频页面路由',3,0,1,'2020-07-20 15:41:38','2020-07-20 15:41:38','system','system'),
(29,-1,'123','123','123','123',0,0,0,'2020-09-29 04:03:05','2020-09-29 04:03:05','18201288771','18201288771'),
(30,-1,'123','123','123','123',1,0,0,'2020-09-29 04:16:12','2020-09-29 04:16:12','18201288771','18201288771');

/*Table structure for table `resource` */

DROP TABLE IF EXISTS `resource`;

CREATE TABLE `resource` (
  `id` int(11) NOT NULL AUTO_INCREMENT COMMENT '资源id',
  `name` varchar(200) NOT NULL COMMENT '资源名称',
  `url` varchar(200) NOT NULL COMMENT '资源url',
  `category_id` int(11) DEFAULT NULL COMMENT '分类id',
  `description` varchar(500) DEFAULT NULL COMMENT '简介',
  `created_time` datetime NOT NULL COMMENT '创建时间',
  `updated_time` datetime NOT NULL COMMENT '更新时间',
  `created_by` varchar(100) NOT NULL COMMENT '创建人',
  `updated_by` varchar(100) NOT NULL COMMENT '更新人',
  PRIMARY KEY (`id`),
  KEY `idx_category_id` (`category_id`)
) ENGINE=InnoDB AUTO_INCREMENT=53 DEFAULT CHARSET=utf8mb4 COMMENT='资源表';

/*Data for the table `resource` */

insert  into `resource`(`id`,`name`,`url`,`category_id`,`description`,`created_time`,`updated_time`,`created_by`,`updated_by`) values 
(1,'获取所有角色','/boss/role/all',1,'获取所有角色','2020-07-20 15:41:57','2020-07-20 15:41:57','system','system'),
(2,'给用户分配角色','/boss/role/allocateUserRoles',1,'给用户分配角色','2020-07-20 15:41:57','2020-07-20 15:41:57','system','system'),
(3,'按条件查询角色','/boss/role/getRolePages',1,'按条件查询角色','2020-07-20 15:41:57','2020-07-20 15:41:57','system','system'),
(4,'列出所有角色并标记用户是否拥有','/boss/role/getRolesWithUserPermission',1,'列出所有角色并标记用户是否拥有','2020-07-20 15:41:57','2020-07-20 15:41:57','system','system'),
(5,'保存或者更新角色','/boss/role/saveOrUpdate',1,'保存或者更新角色','2020-07-20 15:41:57','2020-07-20 15:41:57','system','system'),
(6,'查询用户角色','/boss/role/user/{userId}',1,'查询用户角色','2020-07-20 15:41:57','2020-07-20 15:41:57','system','system'),
(7,'获取角色','/boss/role/{id}',1,'获取角色','2020-07-20 15:41:57','2020-07-20 15:41:57','system','system'),
(8,'删除角色','/boss/role/{id}',1,'删除角色','2020-07-20 15:41:57','2020-07-20 15:41:57','system','system'),
(9,'给角色分配菜单','/boss/menu/allocateRoleMenus',2,'给角色分配菜单','2020-07-20 15:41:57','2020-07-20 15:41:57','system','system'),
(10,'获取所有菜单','/boss/menu/getAll',2,'获取所有菜单','2020-07-20 15:41:57','2020-07-20 15:41:57','system','system'),
(11,'获取编辑菜单页面信息','/boss/menu/getEditMenuInfo',2,'获取编辑菜单页面信息','2020-07-20 15:41:57','2020-07-20 15:41:57','system','system'),
(12,'获取所有菜单并按层级展示','/boss/menu/getMenuNodeList',2,'获取所有菜单并按层级展示','2020-07-20 15:41:57','2020-07-20 15:41:57','system','system'),
(13,'按条件分页查询菜单','/boss/menu/getMenuPages',2,'按条件分页查询菜单','2020-07-20 15:41:57','2020-07-20 15:41:57','system','system'),
(14,'获取角色拥有的菜单列表','/boss/menu/getRoleMenus',2,'获取角色拥有的菜单列表','2020-07-20 15:41:57','2020-07-20 15:41:57','system','system'),
(15,'保存或新增菜单','/boss/menu/saveOrUpdate',2,'保存或新增菜单','2020-07-20 15:41:57','2020-07-20 15:41:57','system','system'),
(16,'是否显示开关','/boss/menu/switchShown',2,'是否显示开关','2020-07-20 15:41:57','2020-07-20 15:41:57','system','system'),
(17,'根据ID查询菜单','/boss/menu/{id}',2,'根据ID查询菜单','2020-07-20 15:41:57','2020-07-20 15:41:57','system','system'),
(18,'删除菜单','/boss/menu/{id}',2,'删除菜单','2020-07-20 15:41:57','2020-07-20 15:41:57','system','system'),
(19,'给角色分配资源','/boss/resource/allocateRoleResources',3,'给角色分配资源','2020-07-20 15:41:57','2020-07-20 15:41:57','system','system'),
(20,'查询资源分类列表','/boss/resource/category/getAll',3,'查询资源分类列表','2020-07-20 15:41:57','2020-07-20 15:41:57','system','system'),
(21,'保存或更新资源分类','/boss/resource/category/saveOrderUpdate',3,'保存或更新资源分类','2020-07-20 15:41:57','2020-07-20 15:41:57','system','system'),
(22,'删除资源分类','/boss/resource/category/{id}',3,'删除资源分类','2020-07-20 15:41:57','2020-07-20 15:41:57','system','system'),
(23,'获取所有资源','/boss/resource/getAll',3,'获取所有资源','2020-07-20 15:41:57','2020-07-20 15:41:57','system','system'),
(24,'按条件分页查询资源','/boss/resource/getResourcePages',3,'按条件分页查询资源','2020-07-20 15:41:57','2020-07-20 15:41:57','system','system'),
(25,'获取角色拥有的资源列表','/boss/resource/getRoleResources',3,'获取角色拥有的资源列表','2020-07-20 15:41:57','2020-07-20 15:41:57','system','system'),
(26,'保存或者更新资源','/boss/resource/saveOrUpdate',3,'保存或者更新资源','2020-07-20 15:41:57','2020-07-20 15:41:57','system','system'),
(27,'获取资源','/boss/resource/{id}',3,'获取资源','2020-07-20 15:41:57','2020-07-20 15:41:57','system','system'),
(28,'删除资源','/boss/resource/{id}',3,'删除资源','2020-07-20 15:41:57','2020-07-20 15:41:57','system','system'),
(29,'封禁用户','/boss/user/forbidUser',5,'封禁用户','2020-07-20 15:41:57','2020-07-20 15:41:57','system','system'),
(30,'分页查询用户信息','/boss/user/getUserPages',5,'分页查询用户信息','2020-07-20 15:41:57','2020-07-20 15:41:57','system','system'),
(31,'获取用户菜单和资源权限列表','/boss/permission/getUserPermissions',5,'获取用户菜单和资源权限列表','2020-07-20 15:41:57','2020-07-20 15:41:57','system','system'),
(32,'查询用户角色','/boss/role/user/{userId}',1,'查询用户角色','2020-07-20 15:41:57','2020-07-20 15:41:57','system','system'),
(33,'课程上下架','/boss/course/changeState',4,'课程上下架','2020-07-20 15:41:57','2020-07-20 15:41:57','system','system'),
(34,'新建课程页面路由','/#/courses/new',4,'新建课程页面路由','2020-07-20 15:41:57','2020-07-20 15:41:57','system','system'),
(35,'通过课程Id获取课程信息','/boss/course/getCourseById',4,'通过课程Id获取课程信息','2020-07-20 15:41:57','2020-07-20 15:41:57','system','system'),
(36,'分页查询课程信息','/boss/course/getQueryCourses',4,'分页查询课程信息','2020-07-20 15:41:57','2020-07-20 15:41:57','system','system'),
(37,'保存或者更新课程信息','/boss/course/saveOrUpdateCourse',4,'保存或者更新课程信息','2020-07-20 15:41:57','2020-07-20 15:41:57','system','system'),
(38,'上传图片','/boss/course/upload',4,'上传图片','2020-07-20 15:41:57','2020-07-20 15:41:57','system','system'),
(39,'保存活动商品','/boss/activityCourse/save',4,'保存活动商品','2020-07-20 15:41:57','2020-07-20 15:41:57','system','system'),
(40,'更新活动商品状态','/boss/activityCourse/updateStatus',4,'更新活动商品状态','2020-07-20 15:41:57','2020-07-20 15:41:57','system','system'),
(41,'获取章节','/boss/course/section/getBySectionId',4,'获取章节','2020-07-20 15:41:57','2020-07-20 15:41:57','system','system'),
(42,'获取章节和课时','/boss/course/section/getSectionAndLesson',4,'获取章节和课时','2020-07-20 15:41:57','2020-07-20 15:41:57','system','system'),
(43,'保存或更新章节','/boss/course/section/saveOrUpdateSection',4,'保存或更新章节','2020-07-20 15:41:57','2020-07-20 15:41:57','system','system'),
(44,'获取课时内容','/boss/course/lesson/getById',4,'获取课时内容','2020-07-20 15:41:57','2020-07-20 15:41:57','system','system'),
(45,'保存或更新课时','/boss/course/lesson/saveOrUpdate',4,'保存或更新课时','2020-07-20 15:41:57','2020-07-20 15:41:57','system','system'),
(46,'获取阿里云图片上传凭证','/boss/course/upload/aliyunImagUploadAddressAdnAuth.json',6,'获取阿里云图片上传凭证','2020-07-20 15:41:57','2020-07-20 15:41:57','system','system'),
(47,'阿里云转码请求','/boss/course/upload/aliyunTransCode.json',6,'阿里云转码请求','2020-07-20 15:41:57','2020-07-20 15:41:57','system','system'),
(48,'阿里云转码进度','/boss/course/upload/aliyunTransCodePercent.json',6,'阿里云转码进度','2020-07-20 15:41:57','2020-07-20 15:41:57','system','system'),
(49,'获取阿里云视频上传凭证','/boss/course/upload/aliyunVideoUploadAddressAdnAuth.json',6,'获取阿里云视频上传凭证','2020-07-20 15:41:57','2020-07-20 15:41:57','system','system'),
(50,'获取媒体信息','/boss/course/upload/getMediaByLessonId.json',6,'获取媒体信息','2020-07-20 15:41:57','2020-07-20 15:41:57','system','system'),
(51,'刷新阿里云视频上传凭证','/boss/course/upload/refreshAliyunVideoUploadAddressAdnAuth.json',6,'刷新阿里云视频上传凭证','2020-07-20 15:41:57','2020-07-20 15:41:57','system','system');

/*Table structure for table `resource_category` */

DROP TABLE IF EXISTS `resource_category`;

CREATE TABLE `resource_category` (
  `id` int(11) NOT NULL AUTO_INCREMENT,
  `name` varchar(200) DEFAULT NULL COMMENT '分类名称',
  `sort` int(4) DEFAULT NULL COMMENT '排序',
  `created_time` datetime NOT NULL COMMENT '创建时间',
  `updated_time` datetime NOT NULL COMMENT '更新时间',
  `created_by` varchar(100) NOT NULL COMMENT '创建人',
  `updated_by` varchar(100) NOT NULL COMMENT '更新人',
  PRIMARY KEY (`id`)
) ENGINE=InnoDB AUTO_INCREMENT=8 DEFAULT CHARSET=utf8 COMMENT='资源分类表';

/*Data for the table `resource_category` */

insert  into `resource_category`(`id`,`name`,`sort`,`created_time`,`updated_time`,`created_by`,`updated_by`) values 
(1,'角色管理',1,'2020-07-20 15:41:46','2020-07-20 15:41:46','system','system'),
(2,'菜单管理',2,'2020-07-20 15:41:46','2020-07-20 15:41:46','system','system'),
(3,'资源管理',3,'2020-07-20 15:41:46','2020-07-20 15:41:46','system','system'),
(4,'课程管理',4,'2020-07-20 15:41:46','2020-09-28 11:43:31','system','18631142257'),
(5,'用户管理',5,'2020-07-20 15:41:46','2020-07-20 15:41:46','system','system'),
(6,'阿里上传',6,'2020-07-20 15:41:46','2020-07-20 15:41:46','system','system'),
(7,'广告管理',0,'2020-07-20 07:57:10','2020-07-20 07:57:10','15510792994','15510792994');

/*Table structure for table `role_menu_relation` */

DROP TABLE IF EXISTS `role_menu_relation`;

CREATE TABLE `role_menu_relation` (
  `id` int(11) NOT NULL AUTO_INCREMENT COMMENT 'id',
  `menu_id` int(11) NOT NULL COMMENT '菜单id',
  `role_id` int(11) NOT NULL COMMENT '角色id',
  `created_time` datetime NOT NULL COMMENT '创建时间',
  `updated_time` datetime NOT NULL COMMENT '更新时间',
  `created_by` varchar(100) NOT NULL COMMENT '创建人',
  `updated_by` varchar(100) NOT NULL COMMENT '更新人',
  PRIMARY KEY (`id`)
) ENGINE=InnoDB AUTO_INCREMENT=146 DEFAULT CHARSET=utf8mb4 COMMENT='角色和菜单关系表';

/*Data for the table `role_menu_relation` */

insert  into `role_menu_relation`(`id`,`menu_id`,`role_id`,`created_time`,`updated_time`,`created_by`,`updated_by`) values 
(22,1,2,'2020-07-20 07:48:06','2020-07-20 07:48:06','15510792994','15510792994'),
(23,2,2,'2020-07-20 07:48:06','2020-07-20 07:48:06','15510792994','15510792994'),
(24,3,2,'2020-07-20 07:48:06','2020-07-20 07:48:06','15510792994','15510792994'),
(25,4,2,'2020-07-20 07:48:06','2020-07-20 07:48:06','15510792994','15510792994'),
(26,6,2,'2020-07-20 07:48:06','2020-07-20 07:48:06','15510792994','15510792994'),
(27,10,2,'2020-07-20 07:48:06','2020-07-20 07:48:06','15510792994','15510792994'),
(28,11,2,'2020-07-20 07:48:06','2020-07-20 07:48:06','15510792994','15510792994'),
(29,12,2,'2020-07-20 07:48:06','2020-07-20 07:48:06','15510792994','15510792994'),
(30,13,2,'2020-07-20 07:48:06','2020-07-20 07:48:06','15510792994','15510792994'),
(31,14,2,'2020-07-20 07:48:06','2020-07-20 07:48:06','15510792994','15510792994'),
(32,19,3,'2020-07-20 07:52:12','2020-07-20 07:52:12','15510792994','15510792994'),
(33,20,3,'2020-07-20 07:52:12','2020-07-20 07:52:12','15510792994','15510792994'),
(34,5,3,'2020-07-20 07:52:12','2020-07-20 07:52:12','15510792994','15510792994'),
(35,21,3,'2020-07-20 07:52:12','2020-07-20 07:52:12','15510792994','15510792994'),
(36,16,4,'2020-07-20 07:56:03','2020-07-20 07:56:03','15510792994','15510792994'),
(37,17,4,'2020-07-20 07:56:03','2020-07-20 07:56:03','15510792994','15510792994'),
(38,18,4,'2020-07-20 07:56:03','2020-07-20 07:56:03','15510792994','15510792994'),
(39,7,4,'2020-07-20 07:56:03','2020-07-20 07:56:03','15510792994','15510792994'),
(40,8,4,'2020-07-20 07:56:03','2020-07-20 07:56:03','15510792994','15510792994'),
(41,9,4,'2020-07-20 07:56:03','2020-07-20 07:56:03','15510792994','15510792994'),
(42,15,4,'2020-07-20 07:56:03','2020-07-20 07:56:03','15510792994','15510792994'),
(77,2,4,'2020-09-01 10:23:58','2020-09-01 10:23:58','15510792995','15510792995'),
(132,1,6,'2020-09-28 10:13:46','2020-09-28 10:13:46','18201288771','18201288771'),
(133,2,6,'2020-09-28 10:13:46','2020-09-28 10:13:46','18201288771','18201288771'),
(134,3,6,'2020-09-28 10:13:46','2020-09-28 10:13:46','18201288771','18201288771'),
(135,4,6,'2020-09-28 10:13:46','2020-09-28 10:13:46','18201288771','18201288771'),
(136,10,6,'2020-09-28 10:13:46','2020-09-28 10:13:46','18201288771','18201288771'),
(137,11,6,'2020-09-28 10:13:46','2020-09-28 10:13:46','18201288771','18201288771'),
(138,12,6,'2020-09-28 10:13:46','2020-09-28 10:13:46','18201288771','18201288771'),
(139,13,6,'2020-09-28 10:13:46','2020-09-28 10:13:46','18201288771','18201288771'),
(140,14,6,'2020-09-28 10:13:46','2020-09-28 10:13:46','18201288771','18201288771'),
(141,19,5,'2020-09-29 03:23:58','2020-09-29 03:23:58','18201288771','18201288771'),
(142,20,5,'2020-09-29 03:23:58','2020-09-29 03:23:58','18201288771','18201288771'),
(143,5,5,'2020-09-29 03:23:58','2020-09-29 03:23:58','18201288771','18201288771'),
(144,21,5,'2020-09-29 03:23:58','2020-09-29 03:23:58','18201288771','18201288771'),
(145,6,5,'2020-09-29 03:23:58','2020-09-29 03:23:58','18201288771','18201288771');

/*Table structure for table `role_resource_relation` */

DROP TABLE IF EXISTS `role_resource_relation`;

CREATE TABLE `role_resource_relation` (
  `id` int(11) NOT NULL AUTO_INCREMENT COMMENT '关系id',
  `resource_id` int(11) NOT NULL COMMENT '资源id',
  `role_id` int(11) NOT NULL COMMENT '角色id',
  `created_time` datetime NOT NULL COMMENT '创建时间',
  `updated_time` datetime NOT NULL COMMENT '更新时间',
  `created_by` varchar(100) NOT NULL COMMENT '创建人',
  `updated_by` varchar(100) NOT NULL COMMENT '更新人',
  PRIMARY KEY (`id`)
) ENGINE=InnoDB AUTO_INCREMENT=135 DEFAULT CHARSET=utf8mb4 COMMENT='角色和资源关系表';

/*Data for the table `role_resource_relation` */

insert  into `role_resource_relation`(`id`,`resource_id`,`role_id`,`created_time`,`updated_time`,`created_by`,`updated_by`) values 
(52,1,2,'2020-07-20 07:50:39','2020-07-20 07:50:39','15510792994','15510792994'),
(53,2,2,'2020-07-20 07:50:39','2020-07-20 07:50:39','15510792994','15510792994'),
(54,3,2,'2020-07-20 07:50:39','2020-07-20 07:50:39','15510792994','15510792994'),
(55,4,2,'2020-07-20 07:50:39','2020-07-20 07:50:39','15510792994','15510792994'),
(56,5,2,'2020-07-20 07:50:39','2020-07-20 07:50:39','15510792994','15510792994'),
(57,6,2,'2020-07-20 07:50:39','2020-07-20 07:50:39','15510792994','15510792994'),
(58,7,2,'2020-07-20 07:50:39','2020-07-20 07:50:39','15510792994','15510792994'),
(59,8,2,'2020-07-20 07:50:39','2020-07-20 07:50:39','15510792994','15510792994'),
(60,9,2,'2020-07-20 07:50:39','2020-07-20 07:50:39','15510792994','15510792994'),
(61,10,2,'2020-07-20 07:50:39','2020-07-20 07:50:39','15510792994','15510792994'),
(62,11,2,'2020-07-20 07:50:39','2020-07-20 07:50:39','15510792994','15510792994'),
(63,12,2,'2020-07-20 07:50:39','2020-07-20 07:50:39','15510792994','15510792994'),
(64,13,2,'2020-07-20 07:50:39','2020-07-20 07:50:39','15510792994','15510792994'),
(65,14,2,'2020-07-20 07:50:39','2020-07-20 07:50:39','15510792994','15510792994'),
(66,15,2,'2020-07-20 07:50:39','2020-07-20 07:50:39','15510792994','15510792994'),
(67,16,2,'2020-07-20 07:50:39','2020-07-20 07:50:39','15510792994','15510792994'),
(68,17,2,'2020-07-20 07:50:39','2020-07-20 07:50:39','15510792994','15510792994'),
(69,18,2,'2020-07-20 07:50:39','2020-07-20 07:50:39','15510792994','15510792994'),
(70,19,2,'2020-07-20 07:50:39','2020-07-20 07:50:39','15510792994','15510792994'),
(71,20,2,'2020-07-20 07:50:39','2020-07-20 07:50:39','15510792994','15510792994'),
(72,21,2,'2020-07-20 07:50:39','2020-07-20 07:50:39','15510792994','15510792994'),
(73,22,2,'2020-07-20 07:50:39','2020-07-20 07:50:39','15510792994','15510792994'),
(74,23,2,'2020-07-20 07:50:39','2020-07-20 07:50:39','15510792994','15510792994'),
(75,24,2,'2020-07-20 07:50:39','2020-07-20 07:50:39','15510792994','15510792994'),
(76,25,2,'2020-07-20 07:50:39','2020-07-20 07:50:39','15510792994','15510792994'),
(77,26,2,'2020-07-20 07:50:39','2020-07-20 07:50:39','15510792994','15510792994'),
(78,27,2,'2020-07-20 07:50:39','2020-07-20 07:50:39','15510792994','15510792994'),
(79,28,2,'2020-07-20 07:50:39','2020-07-20 07:50:39','15510792994','15510792994'),
(80,29,2,'2020-07-20 07:50:39','2020-07-20 07:50:39','15510792994','15510792994'),
(81,30,2,'2020-07-20 07:50:39','2020-07-20 07:50:39','15510792994','15510792994'),
(82,31,2,'2020-07-20 07:50:39','2020-07-20 07:50:39','15510792994','15510792994'),
(83,32,2,'2020-07-20 07:50:39','2020-07-20 07:50:39','15510792994','15510792994'),
(84,33,3,'2020-07-20 07:55:32','2020-07-20 07:55:32','15510792994','15510792994'),
(85,34,3,'2020-07-20 07:55:32','2020-07-20 07:55:32','15510792994','15510792994'),
(86,35,3,'2020-07-20 07:55:32','2020-07-20 07:55:32','15510792994','15510792994'),
(87,36,3,'2020-07-20 07:55:32','2020-07-20 07:55:32','15510792994','15510792994'),
(88,37,3,'2020-07-20 07:55:32','2020-07-20 07:55:32','15510792994','15510792994'),
(89,38,3,'2020-07-20 07:55:32','2020-07-20 07:55:32','15510792994','15510792994'),
(90,39,3,'2020-07-20 07:55:32','2020-07-20 07:55:32','15510792994','15510792994'),
(91,40,3,'2020-07-20 07:55:32','2020-07-20 07:55:32','15510792994','15510792994'),
(92,41,3,'2020-07-20 07:55:32','2020-07-20 07:55:32','15510792994','15510792994'),
(93,42,3,'2020-07-20 07:55:32','2020-07-20 07:55:32','15510792994','15510792994'),
(94,43,3,'2020-07-20 07:55:32','2020-07-20 07:55:32','15510792994','15510792994'),
(95,44,3,'2020-07-20 07:55:32','2020-07-20 07:55:32','15510792994','15510792994'),
(96,45,3,'2020-07-20 07:55:32','2020-07-20 07:55:32','15510792994','15510792994'),
(97,32,4,'2020-07-22 04:23:25','2020-07-22 04:23:25','15321919577','15321919577'),
(98,1,4,'2020-07-22 04:23:25','2020-07-22 04:23:25','15321919577','15321919577'),
(99,2,4,'2020-07-22 04:23:25','2020-07-22 04:23:25','15321919577','15321919577'),
(100,3,4,'2020-07-22 04:23:25','2020-07-22 04:23:25','15321919577','15321919577'),
(101,4,4,'2020-07-22 04:23:25','2020-07-22 04:23:25','15321919577','15321919577'),
(102,5,4,'2020-07-22 04:23:25','2020-07-22 04:23:25','15321919577','15321919577'),
(103,6,4,'2020-07-22 04:23:25','2020-07-22 04:23:25','15321919577','15321919577'),
(104,7,4,'2020-07-22 04:23:25','2020-07-22 04:23:25','15321919577','15321919577'),
(107,16,5,'2020-08-24 05:46:51','2020-08-24 05:46:51','15510792995','15510792995'),
(108,17,5,'2020-08-24 05:46:51','2020-08-24 05:46:51','15510792995','15510792995'),
(109,18,5,'2020-08-24 05:46:51','2020-08-24 05:46:51','15510792995','15510792995'),
(110,9,5,'2020-08-24 05:46:51','2020-08-24 05:46:51','15510792995','15510792995'),
(111,10,5,'2020-08-24 05:46:51','2020-08-24 05:46:51','15510792995','15510792995'),
(112,11,5,'2020-08-24 05:46:51','2020-08-24 05:46:51','15510792995','15510792995'),
(113,12,5,'2020-08-24 05:46:51','2020-08-24 05:46:51','15510792995','15510792995'),
(114,13,5,'2020-08-24 05:46:51','2020-08-24 05:46:51','15510792995','15510792995'),
(115,14,5,'2020-08-24 05:46:51','2020-08-24 05:46:51','15510792995','15510792995'),
(116,15,5,'2020-08-24 05:46:51','2020-08-24 05:46:51','15510792995','15510792995'),
(126,16,6,'2020-09-28 10:30:11','2020-09-28 10:30:11','18201288771','18201288771'),
(127,17,6,'2020-09-28 10:30:11','2020-09-28 10:30:11','18201288771','18201288771'),
(128,9,6,'2020-09-28 10:30:11','2020-09-28 10:30:11','18201288771','18201288771'),
(129,10,6,'2020-09-28 10:30:11','2020-09-28 10:30:11','18201288771','18201288771'),
(130,11,6,'2020-09-28 10:30:11','2020-09-28 10:30:11','18201288771','18201288771'),
(131,12,6,'2020-09-28 10:30:11','2020-09-28 10:30:11','18201288771','18201288771'),
(132,13,6,'2020-09-28 10:30:11','2020-09-28 10:30:11','18201288771','18201288771'),
(133,14,6,'2020-09-28 10:30:11','2020-09-28 10:30:11','18201288771','18201288771'),
(134,15,6,'2020-09-28 10:30:11','2020-09-28 10:30:11','18201288771','18201288771');

/*Table structure for table `roles` */

DROP TABLE IF EXISTS `roles`;

CREATE TABLE `roles` (
  `id` int(11) NOT NULL AUTO_INCREMENT COMMENT '角色id',
  `code` varchar(100) NOT NULL COMMENT '角色code',
  `name` varchar(200) DEFAULT NULL COMMENT '角色名称',
  `description` varchar(500) DEFAULT NULL COMMENT '简介',
  `created_time` datetime NOT NULL COMMENT '创建时间',
  `updated_time` datetime NOT NULL COMMENT '更新时间',
  `created_by` varchar(100) NOT NULL COMMENT '创建人',
  `updated_by` varchar(100) NOT NULL COMMENT '更新人',
  PRIMARY KEY (`id`)
) ENGINE=InnoDB AUTO_INCREMENT=8 DEFAULT CHARSET=utf8mb4 COMMENT='角色表';

/*Data for the table `roles` */

insert  into `roles`(`id`,`code`,`name`,`description`,`created_time`,`updated_time`,`created_by`,`updated_by`) values 
(2,'AUTHORITY_MANAGER','权限管理员','管理权限相关数据，如角色、菜单、资源。可以给用户分配角色。','2020-07-20 07:47:55','2020-07-20 07:47:55','15510792994','15510792994'),
(3,'COURSE_MANAGER','课程管理员','管理课程信息，对课程、课时、章节进行管理。','2020-07-20 07:52:04','2020-07-20 07:52:04','15510792994','15510792994'),
(4,'AD_MANAGER','广告管理员','管理广告、广告位信息','2020-07-20 07:55:56','2020-07-20 07:55:56','15510792994','15510792994'),
(5,'USER','普通用户','普通用户只有查看权限','2020-08-17 07:05:40','2020-08-17 07:05:40','15510792995','15510792995'),
(6,'6','测试角色','123','2020-09-28 10:11:42','2020-09-28 10:11:42','18201288771','18201288771'),
(7,'7','测试3','11','2020-09-28 10:15:53','2020-09-28 10:16:02','18211111111','18211111111');

/*Table structure for table `user_role_relation` */

DROP TABLE IF EXISTS `user_role_relation`;

CREATE TABLE `user_role_relation` (
  `id` int(11) NOT NULL AUTO_INCREMENT COMMENT '关系id',
  `user_id` int(11) NOT NULL COMMENT '用户id',
  `role_id` int(11) NOT NULL COMMENT '角色id',
  `created_time` datetime NOT NULL COMMENT '创建时间',
  `updated_time` datetime NOT NULL COMMENT '更新时间',
  `created_by` varchar(100) NOT NULL COMMENT '创建人',
  `updated_by` varchar(100) NOT NULL COMMENT '更新人',
  PRIMARY KEY (`id`)
) ENGINE=InnoDB AUTO_INCREMENT=35 DEFAULT CHARSET=utf8mb4 COMMENT='用户和角色关系表';

/*Data for the table `user_role_relation` */

insert  into `user_role_relation`(`id`,`user_id`,`role_id`,`created_time`,`updated_time`,`created_by`,`updated_by`) values 
(6,100030011,3,'2020-07-20 07:58:17','2020-07-20 07:58:17','15510792995','15510792995'),
(7,100030011,4,'2020-07-20 07:58:17','2020-07-20 07:58:17','15510792995','15510792995'),
(10,100030023,3,'2020-08-26 03:58:28','2020-08-26 03:58:28','15510792995','15510792995'),
(11,100030022,5,'2020-08-26 07:53:34','2020-08-26 07:53:34','15510792995','15510792995'),
(12,100030017,4,'2020-08-26 07:53:48','2020-08-26 07:53:48','15510792995','15510792995'),
(13,100030019,2,'2020-09-04 14:37:57','2020-09-04 14:37:57','18201288771','18201288771'),
(15,100030019,4,'2020-09-04 06:38:45','2020-09-04 06:38:45','18201288771','18201288771'),
(21,100030019,5,'2020-09-10 10:11:48','2020-09-10 10:11:48','18201288771','18201288771'),
(22,100030019,3,'2020-09-11 09:12:58','2020-09-11 09:12:58','18201288771','18201288771'),
(23,100030017,2,'2020-09-14 06:26:17','2020-09-14 06:26:17','18201288771','18201288771'),
(24,100030024,2,'2020-09-17 10:40:58','2020-09-17 10:40:58','15510792995','15510792995'),
(25,100030024,3,'2020-09-17 10:40:59','2020-09-17 10:40:59','15510792995','15510792995'),
(26,100030024,4,'2020-09-17 10:41:00','2020-09-17 10:41:00','15510792995','15510792995'),
(27,100030024,5,'2020-09-17 10:41:21','2020-09-17 10:41:21','15510792995','15510792995'),
(28,100030022,2,'2020-09-17 08:11:19','2020-09-17 08:11:19','18201288771','18201288771'),
(29,100030022,3,'2020-09-17 08:11:32','2020-09-17 08:11:32','18201288771','18201288771'),
(30,100030022,4,'2020-09-17 08:11:32','2020-09-17 08:11:32','18201288771','18201288771'),
(31,100030026,2,'2020-09-28 10:39:01','2020-09-28 10:39:01','18201288771','18201288771'),
(34,100030020,6,'2020-09-28 10:12:24','2020-09-28 10:12:24','18201288771','18201288771');

/*!40101 SET SQL_MODE=@OLD_SQL_MODE */;
/*!40014 SET FOREIGN_KEY_CHECKS=@OLD_FOREIGN_KEY_CHECKS */;
/*!40014 SET UNIQUE_CHECKS=@OLD_UNIQUE_CHECKS */;
/*!40111 SET SQL_NOTES=@OLD_SQL_NOTES */;
